{
  "min_dist": 0.7964158654212952,
  "max_dist": 0.7978207468986511,
  "mean_dist": 0.7973586916923523
}